resource,short_name,display_name,year,object_class,no_lift,engines,empty_weight_lb,internal_fuel_lb,max_takeoff_weight_lb,military_thrust_lbf,afterburner_thrust_lbf,top_speed_kt,sea_level_min_kt,sea_level_max_kt,ceiling_ft,g_limit_min,g_limit_max,hit_points,hardpoints,internal_gun,default_stores,hud_resource,shape,archive
A1.PT,A-1,A- 1 Skyraider,1960,0x4000,no,1,10550,4056,25000,10000,0,320,118,296,26000,-3,6,115,9,M61.JT,VIS340.SEE:1;F18R.SEE:1;AV8.ECM:1;M61.JT:1;F250.GAS:1;MK82.JT:3;LAU61.JT:1,a7.HUD,kin.SH,FA_2.LIB
A10.PT,A-10,A-10 Thunderbolt,1984,0x8000,no,2,25600,10700,50000,18130,0,450,77,385,22812,-3,6,244,9,GAU8.JT,VIS340.SEE:1;A10R.SEE:1;A10.ECM:1;GAU8.JT:1;PAVESPK.SEE:1;AGM65G.JT:4,f104_c.HUD,a10.SH,FA_2.LIB
A310.PT,A310,Airbus 310,1983,0x4000,no,2,157975,92240,313050,96000,0,498,118,456,46875,-2,4,325,1,,VIS340.SEE:1,ac130.HUD,a310.SH,FA_2.LIB
A37.PT,A-37,A-37 Dragonfly,1963,0x4000,no,2,6211,4056,14000,5700,0,441,101,438,42000,-3,6,95,9,M61.JT,VIS340.SEE:1;F18R.SEE:1;AV8.ECM:1;M61.JT:1;MK82.JT:3;F150.GAS:1,a7.HUD,a37.SH,FA_2.LIB
A4E.PT,A-4E,A- 4E Skyhawk,1960,0x4000,no,1,10800,4434,25000,11200,0,598,107,598,39000,-4,7,120,7,MK12.JT,VIS340.SEE:1;F4BR.SEE:1;F4.ECM:1;MK12.JT:1;MK82.JT:1;F150.GAS:1;LAU61.JT:1,f4.HUD,a4.SH,FA_2.LIB
A6.PT,A-6,A- 6E Intruder,1972,0x4000,no,2,26746,15470,58600,18600,0,705,142,563,42000,-2,4,125,7,,VIS240.SEE:1;A6R.SEE:1;A6.ECM:1;AGM65G.JT:4,ac130.HUD,a6.SH,FA_2.LIB
A6V.PT,A-6,A- 6 Intruder,1960,0x4000,no,2,26746,15470,58600,18600,0,711,142,569,41000,-2,4,95,6,,VIS240.SEE:1;A6R.SEE:1;A7.ECM:1;MK82.JT:2;ALQ167.ECM:1,a7.HUD,a6.SH,FA_2.LIB
A7.PT,A-7,A- 7E Corsair II,1969,0x8000,no,1,19127,9900,42000,15000,0,604,142,604,42000,-3,6,106,7,M61.JT,VIS300.SEE:1;A7R.SEE:1;A7.ECM:1;M61.JT:1;AIM9M.JT:1;MK82.JT:1;AGM65G.JT:1,a7.HUD,a7.SH,FA_2.LIB
A7V.PT,A-7A,A- 7A Corsair II,1960,0x8000,no,1,19127,9900,42000,15000,0,604,142,604,42000,-3,6,88,7,M61.JT,VIS300.SEE:1;A7R.SEE:1;A7.ECM:1;M61.JT:1;AIM9M.JT:1;MK82.JT:2,a7.HUD,a7.SH,FA_2.LIB
AC130.PT,AC-130U,AC-130U Spectre,1987,0x4000,no,4,76469,45012,155000,40000,0,338,101,338,34000,-2,3,299,7,C_25.JT;C_40.JT;C_105.JT,VIS300.SEE:1;AC130R.SEE:1;AC130I.SEE:1;AC130.ECM:1;C_25.JT:1;C_40.JT:1;C_105.JT:1,,ac130.SH,FA_2.LIB
AF1.PT,AF1,Air Force One,1990,0x4000,no,4,399000,331880,800000,227000,0,492,124,492,50000,-2,3,388,3,,VIS300.SEE:1;B52R.SEE:1;B52.ECM:1,ac130.HUD,afo.SH,FA_2.LIB
AH1.PT,AH-1,AH- 1 Cobra,1960,0x4000,yes,2,18298,2000,23810,26280,0,130,36,130,7000,-1,4,103,8,M61.JT,VIS340.SEE:1;F18R.SEE:1;F18.ECM:1;M61.JT:1;LAU61.JT:1;AIM9M.JT:1;AV8IR.SEE:1,ac130.HUD,cob.SH,FA_2.LIB
AH64.PT,AH-64,AH-64 Apache,1984,0x4000,yes,2,18298,2000,23810,26280,0,130,36,130,7000,-1,4,103,8,M61.JT,VIS340.SEE:1;F18R.SEE:1;F18.ECM:1;M61.JT:1;LAU61.JT:1;AIM9M.JT:1;AV8IR.SEE:1,ac130.HUD,apa.SH,FA_2.LIB
ALPH.PT,Alpha,Alpha Jet,1978,0x8000,no,2,7749,3593,17637,6350,0,563,118,563,48000,-3,6,136,7,BK27.JT,VIS340.SEE:1;F18R.SEE:1;AV8.ECM:1;BK27.JT:1;F150.GAS:1;MK82.JT:1;LAU61.JT:1,f14cc.HUD,alpha.SH,FA_2.LIB
AN74.PT,An-74,An-74 Coaler,1990,0x4000,no,2,42000,28550,76060,28660,0,388,101,379,40625,-2,3,156,1,,VIS300.SEE:1,ac130.HUD,an74.SH,FA_2.LIB
ASTOVL.PT,ASTOVL,X-32 ASTOVL,2000,0x8000,no,1,14750,7600,36850,23000,32000,1015,71,687,60000,-4,9,93,9,GAU13.JT,VIS340.SEE:1;F18R.SEE:1;F18.ECM:1;AV8IR.SEE:1;GAU13.JT:1;AGM65G.JT:1;AIM120.JT:1;LAU10.JT:1;AIM9X.JT:1,,ast.SH,FA_2.LIB
ASTOVLE.PT,ASTOVL,X-32 (Desert) ASTOVL,2000,0x8000,no,1,14750,7600,36850,23000,32000,1015,71,687,60000,-4,9,93,9,GAU13.JT,VIS340.SEE:1;F18R.SEE:1;F18.ECM:1;AV8IR.SEE:1;GAU13.JT:1;AGM65G.JT:1;AIM120.JT:1;LAU10.JT:1;AIM9X.JT:1,,aste.SH,FA_2.LIB
ASTOVLF.PT,ASTOVL,X-32 (Forest) ASTOVL,2000,0x8000,no,1,14750,7600,36850,23000,32000,1015,71,687,60000,-4,9,93,9,GAU13.JT,VIS340.SEE:1;F18R.SEE:1;F18.ECM:1;AV8IR.SEE:1;GAU13.JT:1;AGM65G.JT:1;AIM120.JT:1;LAU10.JT:1;AIM9X.JT:1,,astf.SH,FA_2.LIB
ASTOVLV.PT,ASTOVL,X-32 (Snow) ASTOVL,2000,0x8000,no,1,14750,7600,36850,23000,32000,1015,71,687,60000,-4,9,93,9,GAU13.JT,VIS340.SEE:1;F18R.SEE:1;F18.ECM:1;AV8IR.SEE:1;GAU13.JT:1;AGM65G.JT:1;AIM120.JT:1;LAU10.JT:1;AIM9X.JT:1,,astv.SH,FA_2.LIB
ATL.PT,ATL2,Atlantique 2 (AIR),1969,0x4000,no,4,169552,42864,332500,84000,0,462,124,462,51000,-2,3,314,3,,VIS300.SEE:1;E3R.SEE:1;B52.ECM:1,ac130.HUD,atl.SH,FA_2.LIB
AURORA.PT,AURORA,Aurora Spy Plane,2000,0x4000,no,4,23050,20000,49224,37988,50000,3211,124,1108,105125,-2,4,116,3,,VIS340.SEE:1;F18R.SEE:1;F18.ECM:1,b2.HUD,aur.SH,FA_2.LIB
AV8.PT,Av-8,Av-8B Harrier II,1992,0x8000,no,1,13968,7759,31000,33800,0,581,101,581,50125,-4,7,85,9,GAU12.JT,VIS340.SEE:1;AV8R.SEE:1;AV8IR.SEE:1;AV8.ECM:1;GAU12.JT:1;AGM65G.JT:2;AIM9M.JT:1;ALQ167.ECM:1,,av8.SH,FA_2.LIB
B1.PT,B-1B,B- 1B Lancer,1985,0x4000,no,4,192000,105000,447000,58400,140000,835,130,664,55000,-2,5,250,8,,VIS340.SEE:1;F18R.SEE:1;F18.ECM:1;PAVESPK.SEE:1;AV8IR.SEE:1;MK82AIR.JT:3,bmbrcc.HUD,b1.SH,FA_2.LIB
B2.PT,B-2,B- 2 Spirit,1998,0x4000,no,4,100000,180000,400000,114000,0,498,130,444,49000,-1,3,241,9,,VIS340.SEE:1;F18R.SEE:1;F18.ECM:1;PAVESPK.SEE:1;AV8IR.SEE:1;MK82.JT:2;PAVEWA3.JT:2,,b2.SH,FA_2.LIB
B52.PT,B-52,B-52 Stratofortress,1961,0x4000,no,8,235220,199000,488000,120000,0,515,124,385,55000,-2,3,370,7,M61.JT,VIS300.SEE:1;B52R.SEE:1;B52.ECM:1;AGM84E.JT:1;M61.JT:1,bmbroh.HUD,b52.SH,FA_2.LIB
B707.PT,B707,Boeing 707,1960,0x4000,no,4,146400,150000,333600,76000,0,545,124,515,40875,-2,4,325,1,,VIS300.SEE:1,ac130.HUD,b707.SH,FA_2.LIB
B747.PT,B747,Boeing 747,1990,0x4000,no,4,399000,331880,800000,227000,0,492,124,492,50000,-2,4,388,1,,VIS300.SEE:1,ac130.HUD,b747.SH,FA_2.LIB
BLIMP.PT,BLIMP,Anti-Stealth Blimp,2000,0x4000,yes,1,25000,2000,30000,15000,0,130,0,130,8000,-1,2,38,2,,VIS340.SEE:1;F18R.SEE:1,ac130.HUD,bli.SH,FA_2.LIB
BUC.PT,BUC,BAe Buccaneer,1967,0x4000,no,2,36000,14984,62000,22200,0,1268,142,723,42000,-4,7,136,7,M61.JT,VIS340.SEE:1;F18R.SEE:1;F104.ECM:1;M61.JT:1;F150.GAS:1;AGM65G.JT:2,f14cc.HUD,buc.SH,FA_2.LIB
C130.PT,C-130,C-130 Hercules,1956,0x4000,no,4,76469,45012,155000,108192,0,338,101,338,34000,-2,3,211,1,,VIS300.SEE:1,ac130.HUD,c130.SH,FA_2.LIB
C17.PT,C-17,C- 17 Globemaster,1994,0x4000,no,4,269000,151000,580000,166800,0,350,101,350,44000,-2,4,396,3,,VIS340.SEE:1;F18R.SEE:1;F18.ECM:1,ac130.HUD,c17.SH,FA_2.LIB
C5.PT,C-5B,C-  5B Galaxy,1966,0x4000,no,4,374000,332500,837000,132000,0,498,101,498,36750,-2,4,467,3,,VIS340.SEE:1;F18R.SEE:1;F18.ECM:1,ac130.HUD,c5.SH,FA_2.LIB
CH47.PT,CH-47,CH-47 Chinook,1960,0x4000,yes,2,18078,3307,28660,135795,0,178,53,178,7000,-1,3,103,1,,VIS300.SEE:1,ac130.HUD,ch47.SH,FA_2.LIB
CKUO.PT,CKUO,AIDC Ching-Kuo,1995,0x8000,no,2,14300,4300,22000,12050,18920,1143,113,782,55000,-3,7,136,7,M61.JT,VIS340.SEE:1;F18R.SEE:1;F18.ECM:1;M61.JT:1;AGM65G.JT:1;AIM9M.JT:2,f14cc.HUD,aidc.SH,FA_2.LIB
CMCHE.PT,RAH-66,RAH-66 Commanche,2000,0x4000,yes,1,8000,6200,16000,17687,0,178,0,178,7000,-1,4,68,8,M61.JT,VIS340.SEE:1;F18R.SEE:1;F18.ECM:1;M61.JT:1;LAU61.JT:1;AIM9M.JT:1;AV8IR.SEE:1,ac130.HUD,rah.SH,FA_2.LIB
DRAK.PT,Draken,Saab Draken,1960,0x8000,no,1,18188,5976,33069,12790,17650,1148,118,794,67000,-4,8,150,8,ADEN.JT,VIS340.SEE:1;F18R.SEE:1;AV8.ECM:1;ADEN.JT:1;F150.GAS:1;AIM7E.JT:1;AGM65G.JT:1;AIM9B.JT:1,gripen.HUD,drak.SH,FA_2.LIB
DRNA1.PT,DR-A1,Attack Drone 1,2000,0x8000,no,1,6960,3100,12560,7800,0,1256,118,806,65000,-4,9,64,4,,VIS340.SEE:1;F18R.SEE:1;AIM9M.JT:2,f31.HUD,da1.SH,FA_2.LIB
DRNA2.PT,DR-A2,Attack Drone 2,2000,0x8000,no,2,5450,3300,13650,8200,0,1033,118,705,60000,-2,4,56,6,,VIS340.SEE:1;F18R.SEE:1;AIM9M.JT:2;F150.GAS:1,f31.HUD,da2.SH,FA_2.LIB
DRND1.PT,DR-D1,Decoy Drone 1,2000,0x4000,no,1,5000,4000,10000,6400,0,563,142,563,42000,-2,4,54,2,,VIS340.SEE:1;F18R.SEE:1,f31.HUD,dd1.SH,FA_2.LIB
DRND2.PT,DR-D2,Decoy Drone 2,2000,0x4000,no,1,5000,4100,10000,6900,0,563,142,563,42000,-2,4,54,2,,VIS340.SEE:1;F18R.SEE:1,f31.HUD,dd2.SH,FA_2.LIB
DRNR1.PT,DR-R1,Recon Drone 1 (GRD),2000,0x4000,no,1,1500,2400,4000,2800,0,361,77,344,37000,-2,4,30,2,,VIS340.SEE:1;F18R.SEE:1,ac130.HUD,de1.SH,FA_2.LIB
DRNR2.PT,DR-R2,Recon Drone 2 (GRD),2000,0x4000,no,1,1500,2400,4000,3200,0,361,77,344,37000,-2,4,30,2,,VIS340.SEE:1;F18R.SEE:1,ac130.HUD,de2.SH,FA_2.LIB
DRNR2E.PT,DR-R2,Recon (Desert) Drone 2 (GRD),2000,0x4000,no,1,1500,1200,3000,3200,0,361,77,344,37000,-2,4,30,2,,VIS340.SEE:1;F18R.SEE:1,ac130.HUD,de2e.SH,FA_2.LIB
DRNR3.PT,DR-R3,DarkStar (GRD),2000,0x4000,no,1,2000,2400,4500,4000,0,361,77,344,37000,-2,4,30,2,,VIS340.SEE:1;F18R.SEE:1,ac130.HUD,dark.SH,FA_2.LIB
E2.PT,E-2C,E-2C Hawkeye (AIR),1972,0x4000,no,2,39373,12400,53267,16000,0,326,77,314,31000,-2,3,151,3,,VIS300.SEE:1;E2R.SEE:1;B52.ECM:1,ac130.HUD,e2c.SH,FA_2.LIB
E2000.PT,E2000,EuroFighter 2000,2002,0x8000,no,2,21495,8818,46297,24000,38000,1234,118,794,65000,-4,9,99,9,BK27.JT,VIS340.SEE:1;F18R.SEE:1;F18.ECM:1;BK27.JT:1;F150.GAS:1;AIM120.JT:1;AGM65G.JT:1;AIM9M.JT:1,e2000.HUD,e20.SH,FA_2.LIB
E3.PT,E-3,E-3 AWACS Sentry (AIR),1976,0x4000,no,4,169552,157839,332500,84000,0,462,124,462,30000,-2,3,314,3,,VIS300.SEE:1;E3R.SEE:1;B52.ECM:1,ac130.HUD,awacs.SH,FA_2.LIB
E8.PT,E-8C,E-8C J-STARS (GRD),1991,0x4000,no,4,169552,157839,332500,84000,0,527,124,468,42750,-2,3,314,3,,VIS300.SEE:1;E8R.SEE:1;B52.ECM:1,ac130.HUD,jstrs.SH,FA_2.LIB
EA6.PT,EA-6,EA-6B Prowler,1971,0x4000,no,2,32162,15470,65000,22400,0,711,142,569,41000,-3,6,137,7,,VIS240.SEE:1;EA6R.SEE:1;EA6.ECM:1;AGM88.JT:2,ac130.HUD,a6b.SH,FA_2.LIB
F104.PT,F-104,F-104N Starfighter,1972,0x8000,no,1,14082,4924,28779,12177,17900,1256,196,646,58000,-3,5,91,9,M61.JT,VIS300.SEE:1;F104R.SEE:1;F104.ECM:1;M61.JT:1;F250.GAS:2;AIM7.JT:2;AIM9M.JT:1,f104_c.HUD,f104.SH,FA_2.LIB
F105.PT,F-105,F-105 Thunderchief,1960,0x4000,no,1,28393,9280,54000,26500,34000,1296,181,741,42000,-3,6,140,7,M61.JT,VIS340.SEE:1;F18R.SEE:1;AV8.ECM:1;M61.JT:1;F500.GAS:1;MK82P3.JT:1;AGM45.JT:1,seaharcc.HUD,f105.SH,FA_2.LIB
F111.PT,F-111F,F-111F Aardvark,1980,0x4000,no,2,47481,5025,100000,50200,80000,1434,118,788,60000,-2,5,125,9,,VIS240.SEE:1;A6R.SEE:1;A6.ECM:1;AV8IR.SEE:1;PAVESPK.SEE:1;GBU28.JT:1;MK82P.JT:2;AGM65G.JT:1,ac130.HUD,f111.SH,FA_2.LIB
F117.PT,F-117,F-117A Nighthawk,1983,0x4000,no,2,29500,18500,54000,21600,0,604,169,592,42000,-3,6,131,6,,VIS340.SEE:1;PAVESPK.SEE:1;F18.ECM:1;AV8IR.SEE:1;PAVEWA3.JT:2,,f117.SH,FA_2.LIB
F14.PT,F-14,F- 14D Tomcat,1984,0x8000,no,2,40104,15741,74349,28435,41800,1345,101,800,56000,-4,7,153,8,M61.JT,VIS340.SEE:1;F14R.SEE:1;F14.ECM:1;M61.JT:1;AIM54C.JT:1;F250.GAS:1;AIM120.JT:1;AIM9M.JT:1,f14cc.HUD,f14.SH,FA_2.LIB
F15.PT,F-15,F- 15C Eagle,1979,0x8000,no,2,28600,13662,68000,32558,47860,1434,118,806,100000,-4,9,129,6,M61.JT,VIS340.SEE:1;F15R.SEE:1;F15.ECM:1;M61.JT:1;AIM120.JT:1;AIM9M.JT:1,av8.HUD,f15.SH,FA_2.LIB
F15E.PT,F-15E,F- 15E Strike Eagle,1990,0x8000,no,2,28600,13662,68000,32558,47860,1434,118,806,100000,-4,9,129,9,M61.JT,VIS340.SEE:1;F15R.SEE:1;F15.ECM:1;AV8IR.SEE:1;PAVESPK.SEE:1;M61.JT:1;F350.GAS:1;MK82.JT:1;AIM120.JT:1,av8.HUD,f15e.SH,FA_2.LIB
F15J.PT,F-15J,F- 15J Eagle,1981,0x8000,no,2,28600,13662,68000,32558,47860,1434,118,806,100000,-4,9,129,6,M61.JT,VIS340.SEE:1;F15R.SEE:1;F15.ECM:1;M61.JT:1;AIM120.JT:1;AIM9M.JT:1,av8.HUD,f15.SH,FA_2.LIB
F16.PT,F-16,F- 16A Falcon,1979,0x8000,no,1,14567,6972,33000,17687,32000,1145,71,794,60000,-4,9,92,9,M61.JT,VIS340.SEE:1;F18R.SEE:1;F18.ECM:1;M61.JT:1;F150.GAS:1;AGM65G.JT:1;AIM120.JT:1;AIM9M.JT:2,f16c.HUD,f16.SH,FA_2.LIB
F16C.PT,F-16C,F- 16C Falcon,1984,0x8000,no,1,14567,6972,33000,17687,32000,1145,71,794,60000,-4,9,92,9,M61.JT,VIS340.SEE:1;F18R.SEE:1;F18.ECM:1;PAVESPK.SEE:1;M61.JT:1;F150.GAS:1;AGM65G.JT:1;AIM120.JT:1;AIM9M.JT:1,f16c.HUD,f16.SH,FA_2.LIB
F16E.PT,F-16,F- 16A (Desert) Falcon,1979,0x8000,no,1,14567,6972,33000,17687,32000,1145,71,794,60000,-4,9,92,9,M61.JT,VIS340.SEE:1;F18R.SEE:1;F18.ECM:1;M61.JT:1;F150.GAS:1;AGM65G.JT:1;AIM120.JT:1;AIM9M.JT:2,f16c.HUD,f16e.SH,FA_2.LIB
F16F.PT,F-16,F- 16A (Forest) Falcon,1979,0x8000,no,1,14567,6972,33000,17687,32000,1145,71,794,60000,-4,9,92,9,M61.JT,VIS340.SEE:1;F18R.SEE:1;F18.ECM:1;M61.JT:1;F150.GAS:1;AGM65G.JT:1;AIM120.JT:1;AIM9M.JT:2,f16c.HUD,f16f.SH,FA_2.LIB
F18.PT,F/A-18D,F/A- 18D Hornet,1986,0x8000,no,2,23050,11220,49224,17687,32000,1033,118,705,60000,-4,9,116,9,M61.JT,VIS340.SEE:1;F18R.SEE:1;F18.ECM:1;M61.JT:1;F150.GAS:1;AIM120.JT:1;AGM65G.JT:2;AIM9M.JT:1,,f18.SH,FA_2.LIB
F18C.PT,F/A-18C,F/A- 18C Hornet,1986,0x8000,no,2,23050,11220,49224,17687,32000,1033,118,705,60000,-4,9,116,9,M61.JT,VIS340.SEE:1;F18R.SEE:1;F18.ECM:1;M61.JT:1;F150.GAS:1;AGM65G.JT:1;AIM120.JT:2;AIM9M.JT:1,f18.HUD,f18.SH,FA_2.LIB
F22.PT,F-22,F- 22A Raptor,1999,0x8000,no,2,30000,25000,72000,64000,78000,1315,71,1126,65000,-4,9,132,8,M61.JT,VIS340.SEE:1;F22R.SEE:1;F22.ECM:1;M61.JT:1;AV8IR.SEE:1;AIM120.JT:1;AGM65G.JT:1;AIM9X.JT:1,f22.HUD,f22.SH,FA_2.LIB
F22N.PT,F-22,F- 22N Raptor,1999,0x8000,no,2,30000,25000,72000,64000,78000,1315,71,1126,65000,-4,9,132,8,M61.JT,VIS340.SEE:1;F22R.SEE:1;F22.ECM:1;M61.JT:1;AV8IR.SEE:1;AIM120.JT:1;AGM65G.JT:1;AIM9X.JT:1,f22n.HUD,f22n.SH,FA_2.LIB
F260.PT,SF.260,SIAI-Marchetti SF.260,1966,0x4000,no,1,1730,384,3866,1450,0,190,65,190,19000,-3,6,95,4,,VIS340.SEE:1;LAU61.JT:1;MIG21R.SEE:1,ac130.HUD,f26.SH,FA_2.LIB
F29.PT,X-29,X-29 FSW,2000,0x8000,no,1,15980,8120,33600,17687,32000,1039,71,687,60000,-4,9,97,7,M61.JT,VIS340.SEE:1;F18R.SEE:1;F18.ECM:1;M61.JT:1;F150.GAS:1;AIM120.JT:1;AIM9X.JT:1,,f29.SH,FA_2.LIB
F31.PT,X-31,X-31 EFM,2000,0x8000,no,1,16225,9975,40200,21000,32000,1481,130,1481,41000,-4,9,97,9,M61.JT,VIS340.SEE:1;F18R.SEE:1;F18.ECM:1;AV8IR.SEE:1;M61.JT:1;AIM120.JT:1;AGM65G.JT:1;AIM9X.JT:1,,f31.SH,FA_2.LIB
F31E.PT,X-31,X-31 (Desert) EFM,2000,0x8000,no,1,16225,9975,40200,21000,32000,1481,130,1481,41000,-4,9,97,9,M61.JT,VIS340.SEE:1;F18R.SEE:1;F18.ECM:1;AV8IR.SEE:1;M61.JT:1;AIM120.JT:1;AGM65G.JT:1;AIM9X.JT:1,,f31e.SH,FA_2.LIB
F31F.PT,X-31,X-31 (Forest) EFM,2000,0x8000,no,1,16225,9975,40200,21000,32000,1481,130,1481,41000,-4,9,97,9,M61.JT,VIS340.SEE:1;F18R.SEE:1;F18.ECM:1;AV8IR.SEE:1;M61.JT:1;AIM120.JT:1;AGM65G.JT:1;AIM9X.JT:1,,f31f.SH,FA_2.LIB
F31V.PT,X-31,X-31 (Snow) EFM,2000,0x8000,no,1,16225,9975,40200,21000,32000,1481,130,1481,41000,-4,9,97,9,M61.JT,VIS340.SEE:1;F18R.SEE:1;F18.ECM:1;AV8IR.SEE:1;M61.JT:1;AIM120.JT:1;AGM65G.JT:1;AIM9X.JT:1,,f31v.SH,FA_2.LIB
F4.PT,F-4G,F-  4G Wild Weasel Phantom,1976,0x8000,no,2,31853,10790,51000,23620,35800,1268,142,723,42000,-4,7,136,8,M61.JT,VIS340.SEE:1;F18R.SEE:1;F18.ECM:1;M61.JT:1;F150.GAS:1;AIM7.JT:1;AGM88.JT:1,f4.HUD,f4.SH,FA_2.LIB
F4B.PT,F-4B,F-  4B Phantom II,1960,0x8000,no,2,30328,12290,61795,23260,35800,1268,142,723,42000,-4,7,136,7,,VIS340.SEE:1;F4BR.SEE:1;F4.ECM:1;AIM9B.JT:1;MK82.JT:2;F350.GAS:1,f4.HUD,f4j.SH,FA_2.LIB
F4E.PT,F-4,F-  4E (Desert) Phantom,1967,0x8000,no,2,31853,12290,51000,23620,35800,1268,142,723,42000,-4,7,136,8,M61.JT,VIS340.SEE:1;F18R.SEE:1;F18.ECM:1;M61.JT:1;F150.GAS:1;AIM7.JT:1;AGM65G.JT:1,f4.HUD,f4e.SH,FA_2.LIB
F4J.PT,F-4J,F-  4J Phantom II,1960,0x8000,no,2,30328,12290,61795,23260,35800,1268,142,723,42000,-4,7,136,8,SUU16.JT,VIS340.SEE:1;F4JR.SEE:1;F4.ECM:1;SUU16.JT:1;AIM7E.JT:1;AIM9B.JT:1;F350.GAS:1,f4.HUD,f4j.SH,FA_2.LIB
F5E.PT,F-5,F-  5E Tiger,1973,0x8000,no,2,9558,6240,24664,7000,10000,1090,142,723,42000,-4,8,75,7,M61.JT,VIS340.SEE:1;F18R.SEE:1;F18.ECM:1;M61.JT:1;F150.GAS:1;AIM7.JT:1;AIM9B.JT:1,f29.HUD,f5e.SH,FA_2.LIB
F5EE.PT,F-5,F-  5E (Desert) Tiger,1974,0x8000,no,2,9558,6240,24664,7000,10000,1090,142,723,42000,-4,8,75,7,M61.JT,VIS340.SEE:1;F18R.SEE:1;F18.ECM:1;M61.JT:1;F150.GAS:1;AIM7.JT:1;AIM9B.JT:1,f29.HUD,f5ee.SH,FA_2.LIB
F5EV.PT,F-5,F-  5E (Snow) Tiger,1974,0x8000,no,2,9558,6240,24664,7000,10000,1090,142,723,42000,-4,8,75,7,M61.JT,VIS340.SEE:1;F18R.SEE:1;F18.ECM:1;M61.JT:1;F150.GAS:1;AIM7.JT:1;AIM9B.JT:1,f29.HUD,f5ev.SH,FA_2.LIB
F8J.PT,F-8J,F-  8J Crusader,1960,0x8000,no,1,19925,10790,34000,10700,18000,1031,107,1031,58500,-4,7,100,7,20MM_4.JT,VIS340.SEE:1;F8R.SEE:1;F8.ECM:1;20MM_4.JT:1;AIM9B.JT:1;F150.GAS:1,f8.HUD,f8.SH,FA_2.LIB
FSX.PT,FS-X,Fighter Support-X,1995,0x8000,no,1,17960,6970,37500,23498,38000,1151,71,800,60000,-4,9,102,8,M61.JT,VIS340.SEE:1;F18R.SEE:1;F18.ECM:1;M61.JT:1;F150.GAS:1;AGM65G.JT:1;AIM120.JT:1;AIM9M.JT:1,f16c.HUD,fsx.SH,FA_2.LIB
GAZ.PT,Gazelle,Gazelle,2000,0x4000,yes,2,18298,2000,23810,26280,0,130,36,130,7000,-1,4,103,6,T30_1.JT,VIS340.SEE:1;KA50L.SEE:1;KA50.ECM:1;T30_1.JT:1;LAU61.JT:1;R550.JT:1,ac130.HUD,gaz.SH,FA_2.LIB
GAZE.PT,Gazelle,Gazelle (Desert),2000,0x4000,yes,2,18298,2000,23810,26280,0,130,36,130,7000,-1,4,103,6,T30_1.JT,VIS340.SEE:1;KA50L.SEE:1;KA50.ECM:1;T30_1.JT:1;LAU61.JT:1;R550.JT:1,ac130.HUD,gaze.SH,FA_2.LIB
GAZV.PT,Gazelle,Gazelle (Snow),2000,0x4000,yes,2,18298,2000,23810,26280,0,130,36,130,7000,-1,4,103,6,T30_1.JT,VIS340.SEE:1;KA50L.SEE:1;KA50.ECM:1;T30_1.JT:1;LAU61.JT:1;R550.JT:1,ac130.HUD,gazv.SH,FA_2.LIB
GRIPEN.PT,Gripen,Saab Gripen,1998,0x8000,no,1,14599,5000,27560,12140,18100,1145,118,729,60000,-4,9,99,9,BK27.JT,VIS340.SEE:1;F18R.SEE:1;F18.ECM:1;AAS38.SEE:1;BK27.JT:1;F150.GAS:1;AGM65G.JT:1;AIM120.JT:1;AIM9M.JT:1,gripen.HUD,gri.SH,FA_2.LIB
HWK.PT,Hawk,BAe Hawk,1993,0x8000,no,1,9700,3496,20061,5845,0,715,101,575,45000,-4,8,75,8,ADENIN.JT,VIS340.SEE:1;F18R.SEE:1;F104.ECM:1;ADENIN.JT:1;F150.GAS:1;MK82.JT:2;AIM9B.JT:1,a7.HUD,baha.SH,FA_2.LIB
IL76.PT,IL-76,IL-76 Mainstay (AIR),1969,0x4000,no,4,169552,157839,332500,84000,0,462,124,462,51000,-2,3,314,3,,VIS300.SEE:1;E3R.SEE:1;B52.ECM:1,ac130.HUD,il76.SH,FA_2.LIB
IL96.PT,IL-96,IL-96,1992,0x4000,no,4,257940,253311,595238,141100,0,492,124,492,51000,-2,3,388,1,,VIS300.SEE:1,ac130.HUD,il96.SH,FA_2.LIB
J7E.PT,J-7E,J-7E Fishbed,1967,0x8000,no,1,12824,4534,23925,8598,13120,1173,118,699,60000,-3,7,86,7,GSH23.JT,VIS240.SEE:1;MIG21R.SEE:1;MIG21.ECM:1;GSH23.JT:1;AA2.JT:1;AS16.JT:1,su33.HUD,j7e.SH,FA_2.LIB
JAG.PT,Jaguar,SEPECAT Jaguar,1976,0x4000,no,2,15432,8880,34612,11040,18540,918,107,735,46000,-4,8,160,9,ADENIN.JT,VIS240.SEE:1;F18R.SEE:1;MIG31.ECM:1;PAVESPK.SEE:1;ADENIN.JT:1;PAVEWAY.JT:1;F250.GAS:1;MK82.JT:1;R550.JT:1,e2000.HUD,jag.SH,FA_2.LIB
KA50.PT,Ka-50,Ka-50 Hokum-A,2000,0x4000,yes,2,18298,2000,23810,28310,0,130,36,130,7000,-1,4,103,6,T30_1.JT,VIS340.SEE:1;KA50L.SEE:1;KA50.ECM:1;T30_1.JT:1;AT12.JT:1;AA8.JT:1,su33.HUD,hokum.SH,FA_2.LIB
KC135.PT,KC-135,KC-135 Stratotanker,1981,0x4000,no,4,169552,157839,332500,84000,0,610,124,533,45750,-2,3,314,1,,VIS300.SEE:1,ac130.HUD,kc135.SH,FA_2.LIB
KFIR.PT,Kfir,IAI Kfir,1974,0x8000,no,1,16060,6856,36376,11890,18750,1317,71,752,58000,-4,8,120,9,DEFA.JT,VIS340.SEE:1;F18R.SEE:1;AV8.ECM:1;PAVESPK.SEE:1;DEFA.JT:1;F150.GAS:1;AIM120.JT:1;AIM9M.JT:1;ALQ167.ECM:1,f16c.HUD,kfir.SH,FA_2.LIB
LYNX.PT,Lynx,Westland Lynx,1960,0x4000,yes,2,18298,2000,23810,26280,0,130,36,130,7000,-1,4,103,6,T30_1.JT,VIS340.SEE:1;KA50L.SEE:1;KA50.ECM:1;T30_1.JT:1;LAU61.JT:1;AA8.JT:1,ac130.HUD,lyn.SH,FA_2.LIB
M2000.PT,M2000,Mirage 2000,1984,0x8000,no,2,17100,6346,37480,17687,32000,1262,118,693,59000,-4,8,100,9,DEFA.JT,VIS340.SEE:1;F18R.SEE:1;F18.ECM:1;DEFA.JT:1;F150.GAS:1;AS15.JT:1;R530.JT:1;R550.JT:2,rafale.HUD,m20.SH,FA_2.LIB
M2000E.PT,M2000,Mirage (Desert) 2000,1984,0x8000,no,2,17100,6346,37480,17687,32000,1262,118,693,59000,-4,8,100,9,DEFA.JT,VIS340.SEE:1;F18R.SEE:1;F18.ECM:1;DEFA.JT:1;F150.GAS:1;AS15.JT:1;R530.JT:1;R550.JT:2,rafale.HUD,m20e.SH,FA_2.LIB
M25.PT,MiG-25,MiG-25 Foxbat,1964,0x8000,no,2,48221,37320,90830,38800,49382,1623,124,652,68000,-2,5,130,6,,VIS240.SEE:1;MIG27R.SEE:1;MIG21.ECM:1;AA6.JT:1;AA2.JT:1;F250.GAS:1,su33_c.HUD,mig25.SH,FA_2.LIB
M5.PT,M5,Mirage 5,1967,0x8000,no,1,15542,7040,30203,9436,13668,1274,142,628,60000,-4,8,105,9,DEFA.JT,VIS340.SEE:1;F18R.SEE:1;AV8.ECM:1;DEFA.JT:1;AS15.JT:2;F150.GAS:1;R550.JT:1;ALQ72.ECM:1,seaharcc.HUD,mr5.SH,FA_2.LIB
MF1.PT,MF1,Mirage F1,1970,0x8000,no,1,15542,6120,30203,15000,30000,1345,101,800,66125,-3,7,95,8,DEFA.JT,VIS340.SEE:1;F18R.SEE:1;AV8.ECM:1;DEFA.JT:1;ALQ167.ECM:1;F250.GAS:1;R550.JT:2,rafale.HUD,mf1.SH,FA_2.LIB
MI17.PT,Mi-17,Mi-17 Hip,1960,0x4000,yes,2,18078,3307,28660,35691,0,178,53,178,7000,-1,3,103,3,,VIS300.SEE:1;KA50.ECM:1;B8.JT:1,ac130.HUD,hip.SH,FA_2.LIB
MI24.PT,Mi-24,Mi-24 Hind-D,2000,0x4000,yes,2,18078,3307,28660,35691,0,178,53,178,7000,-1,3,103,3,T12_4.JT,VIS300.SEE:1;T12_4.JT:1;AT2.JT:1,su33.HUD,hind.SH,FA_2.LIB
MIG17F.PT,MiG-17,MiG-17F Fresco,1972,0x8000,no,1,6000,4534,13380,5732,7451,622,118,622,55000,-4,8,80,4,GSH30.JT;GSH23.JT,VIS240.SEE:1;GSH30.JT:1;GSH23.JT:1;F150.GAS:1,mig17.HUD,m17.SH,FA_2.LIB
MIG21.PT,MiG-21,MiG-21 Fishbed,1967,0x8000,no,1,12824,4534,20725,8598,13120,1203,118,711,60000,-4,8,86,7,GSH23.JT,VIS240.SEE:1;MIG21R.SEE:1;MIG21.ECM:1;GSH23.JT:1;AA2.JT:2,mig21.HUD,mig21.SH,FA_2.LIB
MIG21F.PT,MiG-21F,MiG-21F Fishbed-C,1972,0x8000,no,1,11795,4850,20725,8972,14307,1203,118,711,60000,-4,8,90,6,GSH23.JT,VIS240.SEE:1;MIG21R.SEE:1;MIG21.ECM:1;GSH23.JT:1;AA2.JT:2,mig21.HUD,m21f.SH,FA_2.LIB
MIG23.PT,MiG-23,MiG-23 Flogger-B,1972,0x8000,no,1,23589,11704,41556,17310,24728,1351,107,729,60000,-4,8,113,9,GSH6_30.JT,VIS240.SEE:1;MIG27R.SEE:1;MIG21.ECM:1;GSH6_30.JT:1;B8.JT:1;AS7.JT:2,su33cc.HUD,mig23.SH,FA_2.LIB
MIG27.PT,MiG-27,MiG-27 Flogger-J,1981,0x8000,no,1,22050,10000,44313,17247,25353,1031,107,729,46000,-4,8,113,6,GSH6_30.JT,VIS240.SEE:1;MIG27R.SEE:1;MIG27.ECM:1;GSH6_30.JT:1;AA2.JT:1;AS7.JT:1,su33cc.HUD,mig27.SH,FA_2.LIB
MIG29.PT,MiG-29,MiG-29 Fulcrum-C,1985,0x8000,no,2,18025,13000,36375,22220,36600,1256,118,705,65000,-4,9,102,8,GSH301.JT,VIS340.SEE:1;MIG29I.SEE:1;MIG29R.SEE:1;MIG29.ECM:1;GSH301.JT:1;AA8.JT:3,su33cc.HUD,mig29.SH,FA_2.LIB
MIG29M.PT,MiG-29M,MiG-29M,1988,0x8000,no,2,18025,13000,36375,22220,36600,1256,118,705,65000,-4,9,102,9,GSH301.JT,VIS340.SEE:1;MIG29I.SEE:1;MIG29R.SEE:1;MIG29.ECM:1;GSH301.JT:1;AA10.JT:2;AA11.JT:2,su33cc.HUD,mig2m.SH,FA_2.LIB
MIG29V.PT,MiG-29,MiG-29 (Snow) Fulcrum-C,1985,0x8000,no,2,18025,13000,36375,22220,36600,1256,118,705,65000,-4,9,102,8,GSH301.JT,VIS340.SEE:1;MIG29I.SEE:1;MIG29R.SEE:1;MIG29.ECM:1;GSH301.JT:1;AA8.JT:3,su33cc.HUD,mig2v.SH,FA_2.LIB
MIG31.PT,MiG-31,MiG-31 Foxhound,1983,0x8000,no,2,48115,30865,91725,33510,48500,1625,142,812,68000,-2,4,167,6,GSH6_30.JT,VIS240.SEE:1;MIG31R.SEE:1;MIG31.ECM:1;GSH6_30.JT:1;AA9.JT:1;AA8.JT:1,y141.HUD,mig31.SH,FA_2.LIB
MR3.PT,MIII,Mirage III,1964,0x8000,no,1,15542,6120,30203,9436,13668,1274,142,628,56000,-4,8,95,8,DEFA.JT,VIS340.SEE:1;F18R.SEE:1;AV8.ECM:1;DEFA.JT:1;F150.GAS:1;AS15.JT:1;R530.JT:1;R550.JT:1,seaharcc.HUD,mr3.SH,FA_2.LIB
MR3E.PT,MIII,Mirage (Desert) III,1964,0x8000,no,1,15542,6120,30203,9436,13668,1274,142,628,56000,-4,8,95,8,DEFA.JT,VIS340.SEE:1;F18R.SEE:1;AV8.ECM:1;DEFA.JT:1;F150.GAS:1;AS15.JT:1;R530.JT:1;R550.JT:1,seaharcc.HUD,mr3e.SH,FA_2.LIB
MTF1.PT,F-1,Mitsubishi F-1,1960,0x8000,no,2,14149,8080,30203,10230,14610,922,142,717,50000,-4,8,80,7,M61.JT,VIS340.SEE:1;F18R.SEE:1;F18.ECM:1;M61.JT:1;F150.GAS:1;AGM84A.JT:1;AIM9M.JT:1,f29.HUD,mif1.SH,FA_2.LIB
P3.PT,P-3,P-3C Orion (AIR),1960,0x4000,no,4,169552,61000,332500,84000,0,462,124,462,51000,-2,3,314,3,,VIS300.SEE:1;E3R.SEE:1;B52.ECM:1,ac130.HUD,p3c.SH,FA_2.LIB
Q5.PT,Q-5,Q-5 Fantan,1970,0x8000,no,1,12824,4534,20955,8598,13120,658,118,658,52000,-4,8,86,7,GSH23.JT,VIS240.SEE:1;MIG21R.SEE:1;MIG21.ECM:1;GSH23.JT:1;PL7.JT:1;AS7.JT:1,f14cc.HUD,q5.SH,FA_2.LIB
RAFALE.PT,RAFALE,Rafale C,2005,0x8000,no,2,17100,9900,40100,24000,32000,1154,118,758,65000,-4,9,100,9,DEFA.JT,VIS340.SEE:1;F18R.SEE:1;F18.ECM:1;DEFA.JT:1;AAS38.SEE:1;AGM65G.JT:1;MICA.JT:1;R530.JT:1;R550.JT:1,,raf.SH,FA_2.LIB
RAFALEE.PT,RAFALE,Rafale (Desert) C,2005,0x8000,no,2,17100,9900,40100,24000,32000,1154,118,758,65000,-4,9,100,9,DEFA.JT,VIS340.SEE:1;F18R.SEE:1;F18.ECM:1;DEFA.JT:1;AAS38.SEE:1;AGM65G.JT:1;MICA.JT:1;R530.JT:1;R550.JT:1,,rafe.SH,FA_2.LIB
RAFALEF.PT,RAFALE,Rafale M,2005,0x8000,no,2,17100,9900,40100,24000,32000,1154,118,758,65000,-4,9,100,9,DEFA.JT,VIS340.SEE:1;F18R.SEE:1;F18.ECM:1;DEFA.JT:1;AAS38.SEE:1;AS15.JT:1;MICA.JT:1;R530.JT:1;R550.JT:1,,raff.SH,FA_2.LIB
SEAHAR.PT,Sea Harrier,Sea Harrier FRS.2,1994,0x8000,no,1,13000,5060,26200,21500,0,717,101,640,51000,-4,7,87,7,ADEN.JT,VIS340.SEE:1;SEAHARR.SEE:1;SEAHAR.ECM:1;ADEN.JT:1;AIM9M.JT:1;AIM120.JT:1,seahar_c.HUD,seah.SH,FA_2.LIB
SFR.PT,SFR,Super Frelon,2000,0x4000,yes,2,18078,3307,28660,135795,0,178,53,178,7000,-1,3,103,3,T12_4.JT,VIS300.SEE:1;T12_4.JT:1;LAU61.JT:1,ac130.HUD,sfr.SH,FA_2.LIB
SFRV.PT,SFR,Super Frelon (Snow),2000,0x4000,yes,2,18078,3307,28660,135795,0,178,53,178,7000,-1,3,103,3,T12_4.JT,VIS300.SEE:1;T12_4.JT:1;LAU61.JT:1,ac130.HUD,sfrv.SH,FA_2.LIB
SH3A.PT,SH-3A,SH-3A Sea King,1960,0x4000,yes,2,13648,2376,21884,22451,0,130,47,130,8000,-1,3,88,1,,VIS300.SEE:1,ac130.HUD,sh3.SH,FA_2.LIB
SH60.PT,SH-60,SH-60 Seahawk,1956,0x4000,yes,2,13648,2376,21884,22451,0,130,47,130,8000,-1,3,89,1,,VIS300.SEE:1,ac130.HUD,sh60.SH,FA_2.LIB
SPE.PT,SPE,Super Etendard,1960,0x8000,no,1,14330,3270,26455,11033,0,747,142,640,45000,-4,8,91,7,DEFA.JT,VIS340.SEE:1;F18R.SEE:1;F18.ECM:1;DEFA.JT:1;F350.GAS:1;MK82.JT:1;R550.JT:1,seaharcc.HUD,spe.SH,FA_2.LIB
STRK.PT,BAC 167,BAe Strikemaster,1967,0x4000,no,1,6195,2120,13500,3410,0,520,130,391,40000,-3,7,75,8,M61.JT,VIS340.SEE:1;F18R.SEE:1;F104.ECM:1;M61.JT:1;MK82.JT:1;F150.GAS:1;LAU61.JT:1,a7.HUD,bast.SH,FA_2.LIB
SU24.PT,Su-24,Su-24 Fencer-D,1983,0x4000,no,2,41885,22664,90390,35270,50700,802,118,717,58000,-3,6,156,9,GSH6_23.JT,VIS240.SEE:1;SU24R.SEE:1;SU24.ECM:1;SU24L.SEE:1;GSH6_23.JT:1;AS14.JT:4,ac130.HUD,su24.SH,FA_2.LIB
SU25.PT,Su-25,Su-25 Frogfoot-A,1982,0x8000,no,2,41885,22664,90390,35270,0,604,77,527,23812,-3,6,210,9,GSH301.JT,VIS240.SEE:1;SU24R.SEE:1;SU24.ECM:1;SU24L.SEE:1;GSH301.JT:1;B13.JT:1;AS7.JT:1;AA8.JT:1,su33cc.HUD,su25.SH,FA_2.LIB
SU27.PT,Su-27,Su-27 Flanker-B,1984,0x8000,no,2,36000,19000,60000,40755,59510,1465,107,741,61000,-4,9,145,9,GSH301.JT,VIS340.SEE:1;SU27R.SEE:1;SU27I.SEE:1;SU27.ECM:1;GSH301.JT:1;AA12.JT:2;AA11.JT:2,av8.HUD,su27.SH,FA_2.LIB
SU27V.PT,Su-27,Su-27 (Snow) Flanker-B,1984,0x8000,no,2,36000,19000,60000,40755,59510,1465,107,741,61000,-4,9,145,9,GSH301.JT,VIS340.SEE:1;SU27R.SEE:1;SU27I.SEE:1;SU27.ECM:1;GSH301.JT:1;AA12.JT:2;AA11.JT:2,av8.HUD,su27v.SH,FA_2.LIB
SU33.PT,Su-33,Su-33 Flanker-D,1990,0x8000,no,2,36000,22000,60000,40755,59510,1465,107,741,59000,-4,9,145,9,GSH301.JT,VIS340.SEE:1;SU27R.SEE:1;SU27I.SEE:1;SU27.ECM:1;GSH301.JT:1;AA12.JT:1;AA11.JT:1,su33cc.HUD,su27c.SH,FA_2.LIB
SU34.PT,Su-34,Su-34 Platypus,1998,0x4000,no,2,36000,20000,97000,40755,59510,1465,107,741,55000,-4,9,145,9,GSH301.JT,VIS300.SEE:1;SU27R.SEE:1;SU27I.SEE:1;SU27.ECM:1;SU37L.SEE:1;GSH301.JT:1;AS14.JT:1;AT12.JT:1;AA11.JT:1,su33cc.HUD,su34.SH,FA_2.LIB
SU35.PT,Su-35,Su-35,1998,0x8000,no,2,40564,22000,74956,40755,58642,1347,107,770,63000,-4,9,145,9,GSH301.JT,VIS340.SEE:1;SU27R.SEE:1;SU27I.SEE:1;SU27.ECM:1;GSH301.JT:1;AAML.JT:2;AA12.JT:1;AA11B.JT:1,,su35.SH,FA_2.LIB
SU35B.PT,Su-35,Su-35 (Forest),1998,0x8000,no,2,40564,22000,74956,40755,58642,1347,107,770,63000,-4,9,145,9,GSH301.JT,VIS340.SEE:1;SU27R.SEE:1;SU27I.SEE:1;SU27.ECM:1;GSH301.JT:1;FAB1000.JT:1;FAB500.JT:1;AA12.JT:1;AA11B.JT:1,su35.HUD,su35b.SH,FA_2.LIB
SU7.PT,Su-7,Su- 7 Fitter,1960,0x8000,no,1,19004,6208,29762,15432,22282,1056,107,841,50000,-3,7,113,6,GSH6_30.JT,VIS240.SEE:1;MIG27R.SEE:1;MIG21.ECM:1;GSH6_30.JT:1;B13.JT:1;FAB500.JT:1,mig21.HUD,su7.SH,FA_2.LIB
TIGRE.PT,Tiger,HAC Tiger,2000,0x4000,yes,2,18298,2000,23810,26280,0,130,36,130,7000,-1,4,103,6,T30_1.JT,VIS340.SEE:1;KA50L.SEE:1;KA50.ECM:1;T30_1.JT:1;LAU61.JT:1;AA8.JT:1,ac130.HUD,tig.SH,FA_2.LIB
TOR.PT,Tornado,Tornado IDS,1990,0x4000,no,2,41885,11221,90390,35270,50700,1369,118,806,60000,-3,6,156,9,BK27.JT,VIS240.SEE:1;F18R.SEE:1;MIG31.ECM:1;PAVESPK.SEE:1;BK27.JT:1;F250.GAS:1;PAVEWAY.JT:1;MK82P3.JT:1;AIM9M.JT:1,e2000.HUD,tor.SH,FA_2.LIB
TU160.PT,Tu-160,Tu-160 Blackjack-A,2010,0x4000,no,4,202260,368000,606260,158092,232398,1270,145,1203,50000,-2,5,343,6,,VIS300.SEE:1;TU160R.SEE:1;TU160.ECM:1;SU37L.SEE:1;AS16.JT:2,b2.HUD,tu160.SH,FA_2.LIB
TU26.PT,Tu-26,Tu- 26 Backfire-C,1987,0x4000,no,2,110230,110230,273370,59986,88180,1145,145,598,60000,-2,4,253,9,T23_1.JT,VIS300.SEE:1;TU26R.SEE:1;TU26.ECM:1;T23_1.JT:1;SU37L.SEE:1;AS16.JT:3,bmbroh.HUD,tu26.SH,FA_2.LIB
TU95.PT,Tu-95,Tu- 95 Bear-H,1984,0x4000,no,4,264550,100000,407850,355080,0,462,124,355,40750,-1,3,393,9,T23_1.JT,VIS300.SEE:1;TU95R.SEE:1;TU95.ECM:1;T23_1.JT:3;SU37L.SEE:1;AS16.JT:1,bmbroh.HUD,tu95.SH,FA_2.LIB
UH60.PT,UH-60,UH-60 Black Hawk,1960,0x4000,yes,2,18298,2000,23810,26280,0,130,36,130,7000,-1,4,103,4,T30_1.JT,VIS340.SEE:1;KA50L.SEE:1;KA50.ECM:1;T30_1.JT:1,ac130.HUD,uh60.SH,FA_2.LIB
V22.PT,V-22,V-22 Osprey,2000,0x4000,yes,2,18298,2000,23810,26280,0,130,36,130,7000,-1,4,103,4,T30_1.JT,VIS340.SEE:1;KA50L.SEE:1;KA50.ECM:1;T30_1.JT:1,ac130.HUD,v22.SH,FA_2.LIB
VIG.PT,Viggen,Saab Viggen,1968,0x8000,no,1,26014,12048,45194,16200,28110,1149,130,794,60000,-4,7,140,8,BK27.JT,VIS340.SEE:1;F18R.SEE:1;F18.ECM:1;BK27.JT:1;F150.GAS:1;AGM65G.JT:1;LAU10.JT:1;AIM9M.JT:1,gripen.HUD,vig.SH,FA_2.LIB
YAK141.PT,Yak-141,Yak-141 Freestyle-A,1987,0x8000,no,1,25685,9700,42990,19840,34170,972,65,675,50000,-4,7,122,6,GSH30.JT,VIS300.SEE:1;YAK141R.SEE:1;YAK141.ECM:1;GSH30.JT:1;AA10.JT:1;AA11.JT:1,,y141.SH,FA_2.LIB
~BGUN.PT,BASE GUN,Base Defense Gun,1965,0x0800,no,1,4000,3432,155000,1400,0,104,92,104,1000,-1,1,1000,6,C_25.JT;C_40.JT,VIS300.SEE:1;AC130R.SEE:1;AC130I.SEE:1;SA19.JT:1;C_25.JT:1;C_40.JT:1,basegun.HUD,zsu30.SH,FA_2.LIB
~MOTH.PT,Atomic Moth,Atomic Moth,1956,0x8000,no,1,13968,7759,31000,23800,0,581,101,581,50125,-4,7,67,2,,VIS300.SEE:1;~MOTHB.JT:1,,moth.SH,FA_2.LIB
~QUE.PT,Quetz,Quetzalcoatlus,1956,0x8000,no,1,19200,9743,50000,25000,0,717,101,640,51000,-4,7,94,3,~VOMIT.JT,VIS300.SEE:1;~VOMIT.JT:1;~BLDR.JT:1,,que.SH,FA_2.LIB
